{"d_recon_loss": 3.096877336502075, "g_recon_loss": 25.935171127319336, "d_disen_loss": 3.2221217155456543, "g_disen_loss": 67.48832702636719, "_timestamp": 1669074544.6481147, "fid50k": 465.8443231262173, "_runtime": 176.34332275390625, "_step": 0, "_wandb": {"runtime": 175}}