{"d_recon_loss": 3.121204376220703, "g_recon_loss": 27.117965698242188, "d_disen_loss": 3.060878276824951, "g_disen_loss": 68.50663757324219, "_timestamp": 1669016369.7306125, "_runtime": 42.79434561729431, "_step": 0, "_wandb": {"runtime": 66}}