{"d_recon_loss": 3.097076416015625, "g_recon_loss": 25.935401916503906, "d_disen_loss": 3.224903106689453, "g_disen_loss": 67.56217956542969, "_timestamp": 1669072950.8030903, "_runtime": 43.35437035560608, "_step": 0, "_wandb": {"runtime": 180}}