{"d_recon_loss": 3.1213207244873047, "g_recon_loss": 27.117944717407227, "d_disen_loss": 3.0668628215789795, "g_disen_loss": 68.5722885131836, "_timestamp": 1669014782.888075, "_runtime": 41.34635806083679, "_step": 0, "_wandb": {"runtime": 41}}