{"d_recon_loss": 0.000515652121976018, "g_recon_loss": 13.58949089050293, "d_disen_loss": 0.0046253209002316, "g_disen_loss": 23.586055755615234, "_timestamp": 1669078870.6040769, "fid50k": 474.49978244556496, "generated_images": {"_type": "image-file", "sha256": "b7104d2640fa7f2e9e63e045b26d3bc36dddbd0b42bca0b0f0292ea133eb372a", "size": 1059323, "path": "media/images/generated_images_540_b7104d2640fa7f2e9e63.png", "format": "png", "width": 2066, "height": 518}, "_runtime": 3946.763576745987, "_step": 570, "_wandb": {"runtime": 4024}}